patch_start,patch_end,offset,limit,count-ms,lookup-mus,results
0,1,0,-0.002,0.19422,0.12554,0.001
0,2,0,-0.002,0.19448,0.12436,0.001
0,3,0,-0.002,0.19374,0.1247,0.001
0,4,0,-0.002,0.19334,0.12444,0.001
0,5,0,-0.002,0.08982,0.12190000000000001,0.001
0,6,0,-0.002,0.17526,0.19858,0.001
0,7,0,-0.002,0.1721,0.19686,0.001
0,8,0,-0.002,0.17184,0.19738,0.001
0,9,0,-0.002,0.17222,0.19694,0.001
