offset,limit,count-ms,lookup-mus,results
0,-0.002,0.09795999999999999,0.09368000000000001,0
