versionstart,versionend,ms
0,0,0.0005
0,1,0.28074
0,2,0.43398
0,3,0.59092
0,4,0.75472
0,5,0.90682
0,6,1.05398
0,7,1.2094
0,8,1.36366
