version,ms
0,4.24346
1,5.83492
2,4.01606
3,4.24544
4,6.31276
5,3.6165
6,4.04656
7,4.26816
8,3.45414
9,3.17048
