version,ms
0,0.2702
1,0.49768
2,0.72324
3,0.93
4,1.14224
5,1.35836
6,1.56278
7,1.7715
8,1.97494
9,2.19416
