versionstart,versionend,ms
0,0,1353.08
0,1,1310.44
0,2,1352.68
0,3,1256.34
0,4,1247.06
0,5,1282.32
0,6,1272.3600000000001
0,7,1370.6399999999999
0,8,1356.08
0,9,1347.1399999999999
