versionstart,versionend,ms
0,0,0.0005
0,1,0.163
0,2,0.597
0,3,0.834833
0,4,0.969333
0,5,1.271
0,6,1.387
0,7,1.63333
0,8,1.8685
0,9,1.89583
