versionstart,versionend,ms
0,0,0.00133333
0,1,0.195333
0,2,0.7045
0,3,0.972
0,4,1.1365
0,5,1.4675
0,6,1.6185
0,7,1.88633
0,8,2.16717
0,9,2.29167
