version,ms
0,4.75417
1,11.598
2,5.69333
3,5.06483
4,6.82367
5,7.0335
6,8.60217
7,7.79667
8,5.026
9,4.57983
