version,ms
0,1.6235
1,1.725
2,2.12633
3,2.34917
4,2.50367
5,2.80017
6,2.93517
7,3.172
8,3.418
9,3.531
