versionstart,versionend,ms
0,0,0.0266
0,1,0.02502
0,2,0.02256
0,3,0.02036
0,4,0.02134
0,5,0.02124
0,6,0.02022
0,7,0.0216
0,8,0.02078
0,9,0.02146
