version,ms
0,0.01754
1,0.01528
2,0.015
3,0.0138
4,0.01416
5,0.01388
6,0.0131
7,0.01236
8,0.01278
9,0.01382
