patch_start,patch_end,offset,limit,count-ms,lookup-mus,results
0,1,0,-0.002,0.5366599999999999,0.93692,0.00222
0,2,0,-0.002,0.53422,0.4839,0.004940000000000001
0,3,0,-0.002,0.5396799999999999,0.48610000000000003,0.0045
0,4,0,-0.002,0.5468,0.48281999999999997,0.00352
0,5,0,-0.002,0.27326,0.5147200000000001,0.0035800000000000003
0,6,0,-0.002,0.61656,0.96492,0.0035800000000000003
0,7,0,-0.002,0.59968,0.92216,0.00464
0,8,0,-0.002,0.56498,0.9233,0.004900000000000001
0,9,0,-0.002,0.5453600000000001,0.9248,0.00496
