offset,limit,count-ms,lookup-mus,results
0,-0.002,0.49148000000000003,20.97604,0.01374
