versionstart,versionend,ms
0,0,1310.6666666666667
0,1,1213.3333333333333
0,2,1268.8333333333333
0,3,1230.5
0,4,1210.3333333333333
0,5,1297.8333333333333
0,6,1352.0
0,7,1337.1666666666667
0,8,1466.5
0,9,1592.0
