version,ms
0,787.5
1,768.0
2,741.5
3,760.1666666666666
4,724.5
5,703.0
6,837.5
7,766.3333333333334
8,1010.0
9,972.5
