version,ms
0,8.459999999999999
1,0.4
2,0.23999999999999994
3,0.4000000000000001
4,0.21999999999999997
5,0.26000000000000006
6,0.29999999999999993
7,0.23999999999999994
8,0.21999999999999997
