version,ms
0,0.43999999999999995
1,0.3400000000000001
2,0.32
3,0.27999999999999997
4,0.2
5,0.35999999999999993
6,0.21999999999999997
7,0.34
8,0.11999999999999994
9,0.30000000000000004
