versionstart,versionend,ms
0,0,0.7399999999999998
0,1,0.38000000000000006
0,2,0.3
0,3,0.42000000000000004
0,4,0.26
0,5,0.47999999999999987
0,6,0.21999999999999995
0,7,0.23999999999999982
0,8,0.3600000000000001
0,9,0.3600000000000001
