version,ms
0,18.4
1,0.24
2,0.4
3,0.18000000000000002
4,0.19999999999999996
5,0.11999999999999993
6,0.32
7,0.24
8,0.18000000000000002
