version,ms
0,0.6599999999999999
1,0.47999999999999987
2,0.43999999999999995
3,0.3000000000000001
4,0.35999999999999993
5,0.27999999999999997
6,0.22000000000000003
7,0.2600000000000002
8,0.4
9,0.4
