patch_start,patch_end,offset,limit,count-ms,lookup-mus,results
0,1,0,-0.002,0.78198,2.05912,0.00688
0,2,0,-0.002,0.79492,0.96338,0.00756
0,3,0,-0.002,0.78504,0.9572,0.00756
0,4,0,-0.002,0.78512,0.9575,0.00726
0,5,0,-0.002,0.36713999999999997,1.27472,0.00726
0,6,0,-0.002,0.9184,1.92926,0.00726
0,7,0,-0.002,0.90952,1.8794000000000002,0.0076
0,8,0,-0.002,0.9018200000000001,1.8856600000000001,0.0076
0,9,0,-0.002,0.89548,1.88948,0.0076
