patch,offset,limit,count-ms,lookup-mus,results
0,0,-0.002,0.36724,0.39036000000000004,0
1,0,-0.002,0.42354,0.42054,0.00034
2,0,-0.002,0.42319999999999997,0.42078,0.00034
3,0,-0.002,0.42419999999999997,0.42160000000000003,0.00035999999999999997
4,0,-0.002,1.84228,0.42098,0
5,0,-0.002,0.0031,0.0020800000000000003,0
6,0,-0.002,2.1506999999999996,0.5577000000000001,0
7,0,-0.002,0.58428,0.55212,0
8,0,-0.002,0.5435399999999999,0.53906,0
9,0,-0.002,0.5536599999999999,0.5307200000000001,0
