versionstart,versionend,ms
0,0,0.820957
0,1,0.807174
0,2,0.795674
0,3,0.787717
0,4,0.791761
0,5,0.793652
0,6,0.768957
0,7,0.781826
0,8,0.788435
