versionstart,versionend,ms
0,0,1.06859
0,1,1.06885
0,2,1.05091
0,3,1.04687
0,4,1.05883
0,5,1.06715
0,6,1.02485
0,7,1.03974
0,8,1.05974
0,9,1.07161
