version,ms
0,0.510239
1,0.239174
2,0.247565
3,0.24337
4,0.245848
5,0.251717
6,0.224304
7,0.239413
8,0.24263
9,0.265413
