version,ms
0,0.348978
1,0.350957
2,0.332239
3,0.329391
4,0.343717
5,0.357435
6,0.323848
7,0.328435
8,0.334217
9,0.355457
