offset,limit,count-ms,lookup-mus,results
0,-0.0019375624999999998,0.617269828125,1.071209015625,0.021125078125000002
