versionstart,versionend,ms
0,0,1.5384615384615385
0,1,1.0
0,2,1.076923076923077
0,3,1.2307692307692308
0,4,1.0769230769230769
0,5,1.0
0,6,1.0769230769230769
0,7,1.1538461538461537
0,8,1.0769230769230769
0,9,0.7692307692307693
