version,ms
0,1.1538461538461537
1,1.7692307692307692
2,1.5384615384615385
3,1.3846153846153844
4,1.307692307692308
5,1.1538461538461542
6,1.2307692307692306
7,1.3076923076923077
8,0.7692307692307693
9,1.4615384615384615
