versionstart,versionend,ms
0,0,0.0412
0,1,0.0352
0,2,0.0365
0,3,0.0339
0,4,0.03184
0,5,0.03196
0,6,0.03108
0,7,0.03168
0,8,0.03268
0,9,0.03384
