version,ms
0,0.03032
1,0.02664
2,0.02732
3,0.02474
4,0.02598
5,0.02576
6,0.02584
7,0.02556
8,0.02642
9,0.02796
