version,ms
0,0.03392
1,0.02796
2,0.02976
3,0.02924
4,0.02682
5,0.02576
6,0.02668
7,0.0253
8,0.0296
9,0.02854
