versionstart,versionend,ms
0,0,1193.7441860465117
0,1,1158.046511627907
0,2,1188.046511627907
0,3,1106.9767441860465
0,4,1102.139534883721
0,5,1137.7441860465117
0,6,1118.6744186046512
0,7,1215.1162790697674
0,8,1199.3023255813953
0,9,1191.5813953488373
