version,ms
0,655.3953488372093
1,677.1860465116279
2,640.4651162790698
3,683.0930232558139
4,596.6511627906976
5,585.0232558139535
6,614.1162790697674
7,607.6511627906976
8,707.3255813953489
9,681.2093023255813
