versionstart,versionend,ms
0,0,0.00063155625
0,1,0.17659269166666666
0,2,0.3318266
0,3,0.47595005833333337
0,4,0.6334483166666666
0,5,0.7504297833333333
0,6,0.8812296999999997
0,7,1.014913416666667
0,8,1.1817844166666667
0,9,1.2701217500000002
