version,ms
0,0.6897401000000002
1,0.7949692499999998
2,0.9726298500000001
3,1.1445905
4,1.358844425
5,1.5141808333333335
6,1.7011433333333328
7,1.8655360000000003
8,2.0875014166666666
9,2.2166540000000006
