versionstart,versionend,ms
0,0,0.0011673741666666667
0,1,0.20910473333333335
0,2,0.4046697833333334
0,3,0.6003551416666667
0,4,0.8134638750000001
0,5,0.9737327499999999
0,6,1.1730885
0,7,1.3511515833333332
0,8,1.5805759166666666
0,9,1.7244962499999998
