version,ms
0,1.45074
1,1.4399
2,1.30132
3,1.28082
4,1.3284
5,1.00674
6,1.56936
7,1.9077
8,1.007
9,0.77068
