version,ms
0,0.02586
1,0.03838
2,0.05088
3,0.06492
4,0.07994
5,0.09464
6,0.10968
7,0.1259
8,0.14202
9,0.15758
