versionstart,versionend,ms
0,0,0.0003
0,1,0.01882
0,2,0.02824
0,3,0.03728
0,4,0.0464
0,5,0.05798
0,6,0.06768
0,7,0.07882
0,8,0.09054
