versionstart,versionend,ms
0,0,0.00072
0,1,0.27658
0,2,0.49474
0,3,0.66204
0,4,0.8176
0,5,0.98576
0,6,1.1475
0,7,1.31624
0,8,1.48114
0,9,1.63796
