version,ms
0,0.26244
1,0.4964
2,0.763
3,0.97454
4,1.17554
5,1.3794
6,1.58636
7,1.7926
8,1.99932
9,2.20928
