version,ms
0,5.28356
1,0.92214
2,0.67056
3,1.28112
4,1.3284
5,1.24042
6,1.6095
7,1.9077
8,1.8276
9,2.0047
