offset,limit,count-ms,lookup-mus,results
0,-0.002,0.06953846153846154,0.05730769230769231,0.0003846153846153846
