versionstart,versionend,ms
0,0,0.000891304
0,1,0.52737
0,2,0.892804
0,3,1.26222
0,4,1.62302
0,5,1.97811
0,6,2.331
0,7,2.70189
0,8,3.03315
