version,ms
0,0.562109
1,1.05248
2,1.5272
3,2.00628
4,2.48628
5,2.96252
6,3.45937
7,3.94507
8,4.4155
9,4.8987
