version,ms
0,1.66289
1,2.04272
2,1.42511
3,2.00554
4,2.56598
5,2.80322
6,3.10274
7,3.31478
8,3.2043
9,3.52124
