versionstart,versionend,ms
0,0,3.3800000000000003
0,1,3.24
0,2,3.34
0,3,3.3800000000000003
0,4,3.54
0,5,4.12
0,6,3.7800000000000002
0,7,3.7800000000000002
0,8,3.9
