version,ms
0,6.260000000000001
1,2.6199999999999997
2,2.7
3,2.92
4,3.0
5,2.92
6,2.98
7,3.12
8,3.2199999999999998
9,3.2199999999999998
