version,ms
0,18.580000000000005
1,3.2600000000000002
2,3.18
3,4.2
4,3.4
5,3.38
6,3.56
7,3.54
8,3.8
