versionstart,versionend,ms
0,0,6.673913043478261
0,1,6.5434782608695645
0,2,6.456521739130435
0,3,6.956521739130435
0,4,7.130434782608695
0,5,7.326086956521739
0,6,7.6521739130434785
0,7,7.956521739130435
0,8,8.26086956521739
