version,ms
0,20.97826086956522
1,6.326086956521739
2,6.08695652173913
3,6.434782608695652
4,6.5
5,6.804347826086956
6,7.173913043478261
7,7.3478260869565215
8,7.6521739130434785
