versionstart,versionend,ms
0,0,2.1
0,1,1.6
0,2,1.4400000000000002
0,3,1.6
0,4,1.46
0,5,1.5599999999999998
0,6,1.34
0,7,1.4
0,8,1.64
0,9,0.92
