version,ms
0,7.040000000000001
1,17.64
2,16.3
3,12.919999999999998
4,16.479999999999997
5,15.419999999999998
6,16.08
7,14.820000000000002
8,14.62
9,15.959999999999997
