version,ms
0,1.2999999999999998
1,1.0200000000000002
2,1.16
3,1.04
4,0.9400000000000002
5,0.9799999999999998
6,0.9400000000000003
7,1.0200000000000002
8,0.9400000000000001
9,0.9400000000000001
