version,ms
0,2.608092694857103
1,2.0113572805129936
2,2.2195533345432232
3,2.705701563350704
4,2.987195561432164
5,3.4201872304754004
6,4.296640481190531
7,4.159647187437886
8,4.681462540941813
9,4.862858321882588
