versionstart,versionend,ms
0,0,1.0604769559167944
0,1,1.1606993596225144
0,2,1.4940201187420603
0,3,1.9999549748083625
0,4,2.0663652312186183
0,5,2.4847916396601937
0,6,3.8536365404060047
0,7,3.6851771624622987
0,8,3.8237389057409286
0,9,3.658756060252522
