version,ms
0,1.2000000000000002
1,1.4400000000000002
2,1.58
3,1.7692307692307692
4,2.153846153846154
5,2.307692307692308
6,2.660000000000001
7,2.923076923076923
8,3.307692307692308
9,4.220000000000001
