version,ms
0,0.46
1,0.36
2,0.42000000000000004
3,0.4599999999999998
4,0.7000000000000002
5,0.74
6,0.9799999999999996
7,0.9200000000000002
8,1.1627906976744184
9,1.3199999999999998
