versionstart,versionend,ms
0,0,0.30000000000000016
0,1,0.27999999999999986
0,2,0.3999999999999998
0,3,0.4600000000000001
0,4,0.7200000000000002
0,5,0.72
0,6,0.7999999999999998
0,7,0.8999999999999998
0,8,0.9799999999999996
0,9,1.0200000000000002
