versionstart,versionend,ms
0,0,0.7441860465116282
0,1,0.4651162790697675
0,2,0.5581395348837208
0,3,0.5581395348837208
0,4,0.4883720930232558
0,5,0.4883720930232558
0,6,0.44186046511627897
0,7,0.5813953488372092
0,8,0.4883720930232558
0,9,0.30232558139534876
