version,ms
0,5.4651162790697665
1,5.325581395348839
2,5.767441860465118
3,5.44186046511628
4,4.55813953488372
5,5.232558139534882
6,5.604651162790699
7,5.27906976744186
8,5.348837209302326
9,5.046511627906975
