versionstart,versionend,ms
0,0,0.07366
0,1,0.07074
0,2,0.06774
0,3,0.06782
0,4,0.06756
0,5,0.06838
0,6,0.06676
0,7,0.06872
0,8,0.0668
0,9,0.06888
