version,ms
0,0.03832
1,0.03546
2,0.03348
3,0.03334
4,0.03314
5,0.03364
6,0.03228
7,0.03386
8,0.03292
9,0.03492
