version,ms
0,0.03492
1,0.02884
2,0.0315
3,0.02858
4,0.02934
5,0.02818
6,0.0256
7,0.02786
8,0.02704
9,0.02846
