versionstart,versionend,ms
0,0,3.8913043478260874
0,1,2.304347826086956
0,2,2.630434782608696
0,3,2.347826086956522
0,4,2.3260869565217392
0,5,2.2391304347826084
0,6,2.5869565217391304
0,7,2.0652173913043477
0,8,2.652173913043478
0,9,1.347826086956522
