version,ms
0,1.4782608695652177
1,1.5
2,1.3043478260869563
3,1.434782608695652
4,1.347826086956522
5,1.391304347826087
6,1.2173913043478262
7,1.3478260869565217
8,1.3695652173913042
9,1.4130434782608698
