versionstart,versionend,ms
0,0,0.00109302
0,1,0.0450698
0,2,0.0567674
0,3,0.0718837
0,4,0.0888605
0,5,0.100581
0,6,0.117651
0,7,0.134907
0,8,0.152209
0,9,0.165535
