version,ms
0,0.0423256
1,0.0549302
2,0.0654884
3,0.0807442
4,0.0907442
5,0.0980698
6,0.114767
7,0.127349
8,0.149977
9,0.154884
