version,ms
0,0.036186
1,0.051
2,0.0636512
3,0.076907
4,0.0935581
5,0.106535
6,0.124163
7,0.142093
8,0.160791
9,0.173093
