version,ms
0,0.0828462
1,0.174231
2,0.240077
3,0.333769
4,0.427385
5,0.506385
6,0.580077
7,0.646769
8,0.703846
9,0.767615
