version,ms
0,0.0774615
1,0.143077
2,0.219231
3,0.286308
4,0.354692
5,0.412462
6,0.467
7,0.528538
8,0.590231
9,0.651231
