versionstart,versionend,ms
0,0,0.47999999999999987
0,1,0.34000000000000014
0,2,0.5200000000000002
0,3,0.54
0,4,0.7000000000000001
0,5,0.8199999999999997
0,6,0.9599999999999994
0,7,1.08
0,8,1.2000000000000004
0,9,1.1399999999999997
