version,ms
0,0.6400000000000001
1,0.4399999999999999
2,0.5799999999999998
3,0.6000000000000002
4,0.7199999999999998
5,1.0200000000000002
6,1.14
7,1.2000000000000004
8,1.2399999999999998
9,1.44
