offset,limit,count-ms,lookup-mus,results
0,-0.002,0.31332653061224486,1.3676734693877552,0.04214285714285715
