offset,limit,count-ms,lookup-mus,results
0,-0.002,0.7775510204081633,1.36634693877551,0.02746938775510204
