versionstart,versionend,ms
0,0,6.44297442811093
0,1,3.3998057694468202
0,2,3.302791648302265
0,3,3.28670464857017
0,4,3.0926300847787203
0,5,2.8053966278637668
0,6,3.1455379689403955
0,7,2.8195641803427445
0,8,2.9676483627595864
0,9,2.1955170119174165
