version,ms
0,11.991942521583573
1,18.27024400888405
2,17.717738326722152
3,17.799718398105657
4,18.839350721180853
5,18.810582000293827
6,18.228700491733857
7,18.628848530415773
8,17.011650592413993
9,17.087941372188087
