version,ms
0,0.96
1,0.9799999999999998
2,0.9200000000000002
3,1
4,0.9400000000000002
5,0.9400000000000003
6,0.9200000000000002
7,0.8999999999999999
8,0.9400000000000001
9,0.8999999999999998
