version,ms
0,0.3800000000000001
1,0.38000000000000006
2,0.35999999999999993
3,0.3599999999999999
4,0.3799999999999998
5,0.31999999999999995
6,0.34000000000000014
7,0.4000000000000001
8,0.36000000000000004
9,0.31999999999999995
