patch,offset,limit,count-ms,lookup-mus,results
0,0,-0.002,13.8382,13.8203,0
1,0,-0.002,22.1113,22.9621,0.011699999999999999
2,0,-0.002,29.228099999999998,26.8581,0.0127
3,0,-0.002,21.1771,20.3684,0.0121
4,0,-0.002,21.108400000000003,15.002799999999999,0.014199999999999999
5,0,-0.002,0.1764,0.0132,0
6,0,-0.002,18.717299999999998,26.239,0.1198
7,0,-0.002,12.368799999999998,11.456,0
8,0,-0.002,19.9543,21.6286,0.0128
9,0,-0.002,10.1968,12.341899999999999,0.0027
