versionstart,versionend,ms
0,0,1.8333333333333335
0,1,3.1666666666666665
0,2,3.6666666666666665
0,3,4.166666666666667
0,4,5.0
0,5,5.166666666666667
0,6,6.166666666666667
0,7,6.5
0,8,6.166666666666667
0,9,6.0
