version,ms
0,6.666666666666666
1,3.833333333333333
2,4.333333333333333
3,5.0
4,5.5
5,6.833333333333333
6,6.5
7,7.333333333333334
8,7.833333333333333
9,8.166666666666666
