version,ms
0,6.666666666666666
1,3.666666666666667
2,4.333333333333333
3,6.0
4,6.666666666666666
5,7.166666666666667
6,6.5
7,7.166666666666666
8,7.666666666666667
9,10.5
