offset,limit,count-ms,lookup-mus,results
0,-0.002,0.10853846153846153,0.15246153846153845,0.0006153846153846154
