offset,limit,count-ms,lookup-mus,results
0,-0.002,0.00414,4.5435799999999995,0.2358
