offset,limit,count-ms,lookup-mus,results
0,-0.002,0.3293809523809524,0.5266666666666666,0.0055
