patch_start,patch_end,offset,limit,count-ms,lookup-mus,results
0,1,0,-0.002,0.4506428571428572,0.49602380952380953,0.001
0,2,0,-0.002,0.4480238095238095,0.33095238095238094,0.0021904761904761906
0,3,0,-0.002,0.45371428571428574,0.3746666666666667,0.002119047619047619
0,4,0,-0.002,0.4591190476190476,0.3322857142857143,0.0015714285714285715
0,5,0,-0.002,0.2315714285714286,0.3421666666666667,0.0015952380952380953
0,6,0,-0.002,0.4984047619047619,0.6714761904761904,0.0015952380952380953
0,7,0,-0.002,0.47904761904761906,0.621904761904762,0.002142857142857143
0,8,0,-0.002,0.4627857142857143,0.6218095238095238,0.0021904761904761906
0,9,0,-0.002,0.45071428571428573,0.6206666666666666,0.0021904761904761906
