version,ms
0,13.297449984012168
1,3.7937133684201427
2,3.5662604893140784
3,3.770872114628434
4,3.532107930828861
5,3.524190583599077
6,3.657440477733704
7,3.6241514782263007
8,3.822054047514108
9,3.94567898765678
