versionstart,versionend,ms
0,0,4.2391502683363145
0,1,3.488321018381686
0,2,3.327087449119805
0,3,3.528237319920839
0,4,3.703233647040523
0,5,3.3537316464010094
0,6,3.3285531876280103
0,7,3.366381521523079
0,8,3.5305136415095966
0,9,3.373047402037492
