version,ms
0,6.14
1,2.5384615384615383
2,2.4615384615384617
3,2.307692307692308
4,2.3076923076923075
5,2.3076923076923075
6,2.230769230769231
7,2.230769230769231
8,2.4615384615384617
9,2.482946421038290
