versionstart,versionend,ms
0,0,0.42000000000000004
0,1,0.2790697674418604
0,2,0.27999999999999997
0,3,0.2600000000000001
0,4,0.19999999999999996
0,5,0.2
0,6,0.2
0,7,0.21999999999999997
0,8,0.17999999999999997
