version,ms
0,0.5813953488372092
1,0.24
2,0.23999999999999994
3,0.18000000000000002
4,0.19999999999999996
5,0.11999999999999993
6,0.26
7,0.23999999999999988
8,0.18000000000000002
