versionstart,versionend,ms
0,0,2.72267
0,1,2.71483
0,2,2.71667
0,3,2.6855
0,4,2.57067
0,5,2.66067
0,6,2.67017
0,7,2.7765
0,8,2.65883
0,9,2.70333
