version,ms
0,1.06517
1,1.04483
2,1.03783
3,0.978
4,0.843833
5,0.965667
6,0.950833
7,1.0865
8,1.02533
9,0.991833
