version,ms
0,0.855
1,0.830167
2,0.841667
3,0.819833
4,0.716667
5,0.7905
6,0.787
7,0.856333
8,0.826167
9,0.817333
