versionstart,versionend,ms
0,0,0.7399999999999998
0,1,0.56
0,2,0.5599999999999999
0,3,0.6599999999999999
0,4,0.7200000000000002
0,5,0.8400000000000001
0,6,0.64
0,7,0.7200000000000001
0,8,0.6799999999999999
