version,ms
0,6.14
1,0.5
2,0.5
3,0.6199999999999999
4,0.5
5,0.6000000000000002
6,0.44000000000000006
7,0.6999999999999998
8,0.3800000000000001
9,0.3800000000000001
