version,ms
0,2.8000000000000003
1,0.6400000000000001
2,0.5
3,0.6000000000000001
4,0.7200000000000001
5,0.58
6,0.68
7,0.58
8,0.6599999999999999
