offset,count-ms,lookup-mus-1,lookup-mus-50,lookup-mus-100,lookup-mus-inf,results1,results50,results100,resultsinf
0,0.09058333333333334,0.02641666666666667,1.2715833333333333,11.5345,167.53766666666667,0.0010000000000000002,0.029333333333333333,0.05016666666666667,0.35666666666666674
