offset,count-ms,lookup-mus-1,lookup-mus-50,lookup-mus-100,lookup-mus-inf,results1,results50,results100,resultsinf
0,0.11326190476190476,0.02634,0.89006,1.81678,0.92,0.001,0.046,0.04792307692307692,0.04792307692307692
