versionstart,versionend,ms
0,0,3.8600000000000003
0,1,3.7399999999999998
0,2,3.5400000000000005
0,3,3.9399999999999995
0,4,3.6399999999999997
0,5,3.7199999999999998
0,6,3.8600000000000003
0,7,3.92
0,8,3.8800000000000003
0,9,3.8800000000000003
