version,ms
0,8.16
1,3.3999999999999995
2,3.42
3,3.6
4,3.42
5,3.52
6,3.82
7,3.7999999999999994
8,3.82
9,3.82
