version,ms
0,8.02
1,3.84
2,4.119999999999999
3,4.260000000000001
4,4.16
5,4.04
6,4.14
7,4.24
8,4.38
