offset,limit,count-ms,lookup-mus,results
0,-0.0019375624999999998,0.7483639375,3.3282731875,0.02653134375
