version,ms
0,659.6800000000001
1,674.02
2,641.32
3,670.56
4,590.54
5,585.74
6,611.1
7,624.94
8,731.28
9,693.6600000000001
