versionstart,versionend,ms
0,0,2.4599999999999995
0,1,1.6399999999999997
0,2,1.6399999999999997
0,3,1.6800000000000002
0,4,1.6399999999999997
0,5,1.6000000000000003
0,6,1.4799999999999998
0,7,1.4799999999999998
0,8,1.5400000000000005
0,9,0.9400000000000002
