version,ms
0,14.080000000000002
1,26.480000000000008
2,27.839999999999996
3,29.799999999999997
4,32.85999999999999
5,30.980000000000004
6,29.179999999999993
7,29.739999999999995
8,27.76000000000001
9,26.72
