offset,limit,count-ms,lookup-mus,results
0,-0.002,0.9486530612244898,4.306673469387755,0.03448979591836735
