offset,limit,count-ms,lookup-mus,results
0,-0.0019540209205020915,5.265779497907949,174.9105771799163,0.13304352928870292
