patch_start,patch_end,offset,limit,count-ms,lookup-mus,results
0,1,0,-0.002,0.000171,0.00011700000000000001,0
0,2,0,-0.002,0.000171,0.00011700000000000001,0
0,3,0,-0.002,0.000171,0.000116,0
0,4,0,-0.002,0.000171,0.000116,0
0,5,0,-0.002,0.000044999999999999996,0.000115,0
0,6,0,-0.002,0.000162,0.000187,0
0,7,0,-0.002,0.000158,0.000186,0
0,8,0,-0.002,0.00015900000000000002,0.000187,0
0,9,0,-0.002,0.00015900000000000002,0.000186,0
