offset,limit,count-ms,lookup-mus,results
0,-0.002,0.00008999999999999999,0.000085,0
