offset,limit,count-ms,lookup-mus,results
0,-0.002,26.768391304347826,873.1959130434783,0.7220434782608696
