patch_start,patch_end,offset,limit,count-ms,lookup-mus,results
0,1,0,-0.002,1.4348478260869566,46.74173913043479,0.14354347826086955
0,2,0,-0.002,1.5937608695652175,36.5684347826087,0.24991304347826088
0,3,0,-0.002,1.944,36.54195652173913,0.23002173913043478
0,4,0,-0.002,3.3195434782608695,36.484869565217394,0.20269565217391303
0,5,0,-0.002,0.2935,44.47310869565218,0.20591304347826087
0,6,0,-0.002,11.416565217391303,76.03297826086957,0.20626086956521741
0,7,0,-0.002,8.343173913043477,70.00773913043479,0.2462391304347826
0,8,0,-0.002,4.813065217391304,70.08245652173913,0.25043478260869567
0,9,0,-0.002,1.8035869565217393,70.13017391304348,0.25682608695652176
