offset,limit,count-ms,lookup-mus,results
0,-0.002,0.05792307692307692,0.05484615384615385,0.0003846153846153846
