versionstart,versionend,ms
0,0,1326.4615384615386
0,1,1267.076923076923
0,2,1302.1538461538462
0,3,1222.4615384615386
0,4,1200.1538461538462
0,5,1234.6923076923076
0,6,1224.0
0,7,1330.2307692307693
0,8,1309.6923076923076
0,9,1317.923076923077
