version,ms
0,771.5384615384615
1,820.6153846153846
2,761.0
3,776.0
4,685.3846153846154
5,664.4615384615385
6,697.0769230769231
7,796.1538461538462
8,950.6153846153846
9,813.8461538461538
