version,ms
0,0.42253734999999987
1,0.4123469833333333
2,0.39959909999999993
3,0.3680517583333334
4,0.40754745
5,0.421107425
6,0.38611700833333323
7,0.421193
8,0.3634491083333334
9,0.37495964166666673
