versionstart,versionend,ms
0,0,1.4623749416666667
0,1,1.4615162
0,2,1.4205191250000002
0,3,1.3596877500000002
0,4,1.454903775
0,5,1.490287641666667
0,6,1.4068267749999999
0,7,1.4770288416666666
0,8,1.3557830666666668
0,9,1.3756476916666662
