version,ms
0,0.0508462
1,0.0476154
2,0.0490769
3,0.0477692
4,0.0467692
5,0.0500769
6,0.0481538
7,0.0464615
8,0.048
9,0.0478462
