version,ms
0,0.04148
1,0.0389231
2,0.0433846
3,0.0362308
4,0.037
5,0.0346923
6,0.0386154
7,0.0341538
8,0.0354615
9,0.038
