versionstart,versionend,ms
0,0,0.113154
0,1,0.111846
0,2,0.113154
0,3,0.111
0,4,0.104846
0,5,0.107462
0,6,0.108308
0,7,0.104154
0,8,0.107923
0,9,0.111385
