version,ms
0,0.01736
1,0.01542
2,0.0149
3,0.01442
4,0.0151
5,0.0152
6,0.0144
7,0.01456
8,0.01452
9,0.0159
