patch,offset,limit,count-ms,lookup-mus,results
0,0,-0.002,1.41318,4.2376000000000005,0.00011999999999999999
1,0,-0.002,2.01592,2.4922199999999997,0.0067
2,0,-0.002,2.2075,2.2783200000000003,0.00504
3,0,-0.002,3.57598,3.54386,0.00488
4,0,-0.002,22.25816,4.2032799999999995,0.0010400000000000001
5,0,-0.002,0.00808,0.005,0
6,0,-0.002,21.72418,6.4618400000000005,0.00254
7,0,-0.002,7.05576,4.1112,0.00544
8,0,-0.002,5.94308,3.36358,0.0047599999999999995
9,0,-0.002,5.72546,2.6877199999999997,0.00528
