offset,limit,count-ms,lookup-mus,results
0,-0.002,8.582540000000002,791.96456,0.29694
