versionstart,versionend,ms
0,0,1.2307692307692308
0,1,1.3076923076923077
0,2,1.307692307692308
0,3,1.846153846153846
0,4,2.153846153846154
0,5,2.4615384615384617
0,6,3.0
0,7,3.0
0,8,3.307692307692308
0,9,3.076923076923077
