versionstart,versionend,ms
0,0,0.6976744186046511
0,1,0.3953488372093024
0,2,0.6279069767441858
0,3,0.7674418604651166
0,4,0.7674418604651165
0,5,0.86046511627907
0,6,1.1860465116279069
0,7,1.348837209302326
0,8,1.27906976744186
0,9,1.5116279069767435
