version,ms
0,0.4883720930232558
1,0.4883720930232558
2,0.6046511627906975
3,0.5813953488372093
4,0.6511627906976745
5,0.7674418604651165
6,0.9069767441860466
7,1.1162790697674416
8,1.13953488372093
9,1.3488372093023258
