versionstart,versionend,ms
0,0,0.00064
0,1,0.04446
0,2,0.06348
0,3,0.07882
0,4,0.10036
0,5,0.13162
0,6,0.14454
0,7,0.1758
0,8,0.19868
