version,ms
0,0.06154
1,0.07544
2,0.09246
3,0.10866
4,0.1357
5,0.1515
6,0.1801
7,0.2038
8,0.22644
9,0.25214
