version,ms
0,0.06282
1,0.085
2,0.10894
3,0.13476
4,0.16214
5,0.18794
6,0.217
7,0.24582
8,0.2742
9,0.32212
