versionstart,versionend,ms
0,0,0.04336
0,1,0.0441
0,2,0.04354
0,3,0.04358
0,4,0.04262
0,5,0.04384
0,6,0.04314
0,7,0.043
0,8,0.04372
0,9,0.04332
