version,ms
0,0.03862
1,0.03798
2,0.03836
3,0.03716
4,0.03658
5,0.0357
6,0.0378
7,0.03556
8,0.03612
9,0.03778
