version,ms
0,0.04148
1,0.03362
2,0.0397
3,0.03578
4,0.03408
5,0.03312
6,0.03484
7,0.03328
8,0.03456
9,0.03756
