offset,limit,count-ms,lookup-mus,results
0,-0.0016190476190476191,0.11197619047619048,0.20833333333333334,0.0067857142857142855
