versionstart,versionend,ms
0,0,0.5
0,1,0.3800000000000001
0,2,0.64
0,3,0.7000000000000004
0,4,1.0200000000000005
0,5,1.0
0,6,1.1000000000000003
0,7,1.2199999999999998
0,8,1.3400000000000003
0,9,3.3999999999999995
