version,ms
0,0.5200000000000002
1,0.6999999999999998
2,0.5799999999999998
3,0.8799999999999999
4,0.8799999999999997
5,1.1599999999999997
6,1.2399999999999998
7,1.24
8,1.2999999999999996
9,1.4799999999999995
