versionstart,versionend,ms
0,0,0.5200000000000002
0,1,0.46
0,2,0.5599999999999997
0,3,0.7600000000000001
0,4,0.8600000000000002
0,5,1.0200000000000005
0,6,1.1800000000000002
0,7,1.28
0,8,1.3199999999999998
0,9,1.1800000000000002
