version,ms
0,0.52
1,0.39999999999999986
2,0.6
3,0.6400000000000002
4,0.7600000000000001
5,0.9400000000000004
6,1.0200000000000002
7,2.2200000000000006
8,1.1599999999999997
9,1.3199999999999998
