offset,limit,count-ms,lookup-mus,results
0,-0.002,0.045899999999999996,0.05062,0.0009
