versionstart,versionend,ms
0,0,0.0006
0,1,0.03338
0,2,0.0419
0,3,0.0499
0,4,0.05932
0,5,0.06662
0,6,0.07532
0,7,0.09106
0,8,0.10302
0,9,0.11206
