version,ms
0,0.949
1,1.80026
2,1.32018
3,1.28082
4,1.10094
5,0.67774
6,1.56936
7,1.90968
8,1.007
9,0.77068
