version,ms
0,0.03786
1,0.05004
2,0.0635
3,0.07446
4,0.08852
5,0.0991
6,0.11528
7,0.12918
8,0.14572
9,0.15778
