patch,offset,limit,count-ms,lookup-mus,results
0,0,-0.002,0.00292,0.12268000000000001,0.06346
1,0,-0.002,5.52168,6.98982,0.0611
2,0,-0.002,3.4771799999999997,5.95768,0.06566
3,0,-0.002,3.23834,5.661899999999999,0.061439999999999995
4,0,-0.002,3.9162600000000003,5.45848,0.06384000000000001
5,0,-0.002,2.7423,5.13956,0.06376
6,0,-0.002,2.59854,4.887779999999999,0.06452
7,0,-0.002,2.36406,4.63774,0.0629
8,0,-0.002,2.0261400000000003,4.359319999999999,0.06494
9,0,-0.002,1.82778,4.14358,0.06236
