version,ms
0,7.7
1,7.0
2,7.239999999999999
3,7.040000000000001
4,7.239999999999998
5,6.919999999999999
6,7.4
7,6.4399999999999995
8,6.959999999999999
9,7.580000000000001
