version,ms
0,0.3599999999999999
1,0.3800000000000001
2,0.21999999999999995
3,0.32000000000000006
4,0.19999999999999996
5,0.2600000000000001
6,0.33999999999999997
7,0.2600000000000002
8,0.23999999999999988
9,0.26000000000000006
