patch_start,patch_end,offset,limit,count-ms,lookup-mus,results
0,1,0,-0.002,0.2403,0.13248,0.00094
0,2,0,-0.002,0.23932,0.13432,0.00094
0,3,0,-0.002,0.24209999999999998,0.13478,0.00094
0,4,0,-0.002,0.24328,0.13456,0.00094
0,5,0,-0.002,0.12373999999999999,0.13413999999999998,0.00094
0,6,0,-0.002,0.21836000000000003,0.21552000000000002,0.00094
0,7,0,-0.002,0.21262,0.21030000000000001,0.00094
0,8,0,-0.002,0.21166,0.21066,0.00094
0,9,0,-0.002,0.21152,0.20984,0.00094
