versionstart,versionend,ms
0,0,1.1800000000000002
0,1,1.2799999999999998
0,2,1.66
0,3,1.9400000000000004
0,4,2.08
0,5,2.4400000000000004
0,6,2.8600000000000003
0,7,5.440000000000001
0,8,3.66
0,9,3.22
