version,ms
0,1.2399999999999998
1,1.4400000000000002
2,1.8800000000000001
3,2.3
4,2.68
5,3.04
6,4.18
7,3.96
8,4.3
9,6.020000000000001
