version,ms
0,1.2399999999999998
1,1.5
2,1.8199999999999998
3,2.1399999999999997
4,2.42
5,3.06
6,3.2000000000000006
7,3.84
8,4.200000000000001
9,6.419999999999999
