versionstart,versionend,ms
0,0,0.0011
0,1,0.04458
0,2,0.0654
0,3,0.09506
0,4,0.1143
0,5,0.12708
0,6,0.15028
0,7,0.1705
0,8,0.1929
0,9,0.21144
