versionstart,versionend,ms
0,0,0.0006
0,1,0.04512
0,2,0.05552
0,3,0.07058
0,4,0.08838
0,5,0.09914
0,6,0.11588
0,7,0.13486
0,8,0.1524
