version,ms
0,0.04484
1,0.05998
2,0.07432
3,0.09186
4,0.11092
5,0.12848
6,0.14988
7,0.17162
8,0.19384
9,0.21486
