version,ms
0,0.2343
1,1.4399
2,1.0595
3,0.56346
4,0.94062
5,0.5232
6,0.75738
7,0.62832
8,0.28926
9,0.30996
