offset,limit,count-ms,lookup-mus,results
0,-0.002,0.10807692307692308,0.12353846153846153,0.0004615384615384616
