versionstart,versionend,ms
0,0,0.6744186046511628
0,1,0.3720930232558141
0,2,0.4651162790697675
0,3,0.3255813953488372
0,4,0.3488372093023256
0,5,0.37209302325581406
0,6,0.3255813953488372
0,7,0.5348837209302325
0,8,0.4418604651162792
0,9,0.4418604651162792
