version,ms
0,0.6046511627906975
1,0.5348837209302325
2,0.4651162790697675
3,0.4418604651162792
4,0.4418604651162792
5,0.5348837209302325
6,0.32558139534883734
7,0.5348837209302325
8,0.4418604651162792
9,0.4418604651162792
