versionstart,versionend,ms
0,0,0.4751
0,1,0.45478
0,2,0.44998
0,3,0.44766
0,4,0.44484
0,5,0.45084
0,6,0.45028
0,7,0.45256
0,8,0.45058
