version,ms
0,0.14952
1,0.14338
2,0.14534
3,0.14146
4,0.13988
5,0.14256
6,0.13972
7,0.14532
8,0.14188
9,0.1464
