version,ms
0,0.92614
1,0.15778
2,0.17192
3,0.16306
4,0.15256
5,0.15662
6,0.15236
7,0.16112
8,0.52534
9,0.16208
