versionstart,versionend,ms
0,0,10.666666666666666
0,1,6.166666666666666
0,2,5.5
0,3,6.0
0,4,6.166666666666667
0,5,5.5
0,6,5.666666666666667
0,7,5.0
0,8,5.333333333333333
0,9,3.8333333333333335
