version,ms
0,16.0
1,20.833333333333332
2,15.5
3,18.666666666666668
4,18.333333333333332
5,18.666666666666668
6,13.833333333333334
7,16.833333333333332
8,16.5
9,16.833333333333332
