version,ms
0,5.833333333333333
1,3.833333333333333
2,4.333333333333333
3,3.833333333333333
4,3.833333333333333
5,4.166666666666667
6,3.3333333333333335
7,3.5
8,3.5
9,3.666666666666667
