patch,offset,limit,count-ms,lookup-mus,results
0,0,-0.002,0.74918,4.21298,0
1,0,-0.002,4.391640000000001,4.4102,0.0022400000000000002
2,0,-0.002,4.583279999999999,4.49434,0
3,0,-0.002,4.471760000000001,4.3922799999999995,0
4,0,-0.002,11.3424,4.45026,0
5,0,-0.002,0.0030600000000000002,0.00198,0
6,0,-0.002,9.104239999999999,4.19414,0
7,0,-0.002,4.30092,4.19424,0
8,0,-0.002,4.31018,4.19784,0
9,0,-0.002,4.20128,4.18822,0.00174
