patch_start,patch_end,offset,limit,count-ms,lookup-mus,results
0,1,0,-0.002,5.14924,22.394,0.057640000000000004
0,2,0,-0.002,5.2096,9.28166,0.0591
0,3,0,-0.002,5.13518,9.481639999999999,0.05814
0,4,0,-0.002,5.30184,9.65234,0.0591
0,5,0,-0.002,0.75678,14.87294,0.0591
0,6,0,-0.002,5.0668,27.73522,0.0587
0,7,0,-0.002,4.9669,22.38662,0.0591
0,8,0,-0.002,4.95342,22.590580000000003,0.05908
0,9,0,-0.002,4.94208,22.77674,0.05886
