versionstart,versionend,ms
0,0,0.7800000000000002
0,1,0.54
0,2,0.38000000000000006
0,3,0.5599999999999999
0,4,0.47999999999999976
0,5,0.5
0,6,0.4799999999999997
0,7,0.42000000000000004
0,8,0.5200000000000002
0,9,0.2600000000000002
