version,ms
0,0.39999999999999997
1,0.31999999999999995
2,0.21999999999999995
3,0.31999999999999995
4,0.2799999999999999
5,0.19999999999999993
6,0.38000000000000006
7,0.26000000000000006
8,0.3000000000000001
9,0.2799999999999999
