versionstart,versionend,ms
0,0,9.833333333333332
0,1,7.5
0,2,7.5
0,3,8.333333333333334
0,4,7.5
0,5,7.0
0,6,7.166666666666667
0,7,7.333333333333333
0,8,7.666666666666667
