version,ms
0,20.5
1,6.833333333333334
2,6.166666666666667
3,6.666666666666667
4,6.666666666666667
5,5.833333333333333
6,6.0
7,6.0
8,6.166666666666667
9,6.166666666666667
