version,ms
0,24.666666666666664
1,11.166666666666668
2,8.166666666666666
3,8.666666666666666
4,7.0
5,7.0
6,7.333333333333333
7,7.333333333333333
8,7.833333333333333
