offset,limit,count-ms,lookup-mus,results
0,-0.002,0.09,34.581434782608696,0.9613478260869565
