patch_start,patch_end,offset,limit,count-ms,lookup-mus,results
0,1,0,-0.002,0.18344,0.12102,0.0009
0,2,0,-0.002,0.18318,0.12024,0.0009
0,3,0,-0.002,0.1834,0.12056,0.0009
0,4,0,-0.002,0.18356,0.12029999999999999,0.0009
0,5,0,-0.002,0.0839,0.1198,0.0009
0,6,0,-0.002,0.16648,0.18941999999999998,0.0009
0,7,0,-0.002,0.16124000000000002,0.18766,0.0009
0,8,0,-0.002,0.16116,0.18818000000000001,0.0009
0,9,0,-0.002,0.16128,0.18786000000000003,0.0009
