offset,limit,count-ms,lookup-mus,results
0,-0.002,0.30842857142857144,1.413265306122449,0.04214285714285715
