version,ms
0,807.3578692973133
1,811.9466514134109
2,766.202544441852
3,810.82130482314
4,706.2312495570937
5,685.7349846603233
6,715.2981795044635
7,703.6555131229853
8,811.1017140252176
9,784.3576334983971
