versionstart,versionend,ms
0,0,1342.0574818732555
0,1,1290.7854553075283
0,2,1330.676068462489
0,3,1239.398769930777
0,4,1225.6220812700387
0,5,1259.8343696473169
0,6,1253.8975058982137
0,7,1351.6702733487161
0,8,1345.4465817583157
0,9,1360.8610248632394
