versionstart,versionend,ms
0,0,1615
0,1,1515.8
0,2,1548
0,3,1397.14
0,4,1390.4782608695652
0,5,1412.7826086956522
0,6,1412.695652173913
0,7,1523.1
0,8,1523.6
0,9,1592
