version,ms
0,1053.1
1,820.6153846153846
2,761
3,787.4347826086956
4,724.5
5,703
6,837.5
7,796.1538461538462
8,1010
9,972.5
