versionstart,versionend,ms
0,0,1566.1666666666667
0,1,1524.4
0,2,1509.6666666666667
0,3,1420.3333333333333
0,4,1414.6666666666667
0,5,1464
0,6,1472.54
0,7,1582.7
0,8,1569.18
0,9,1575.1
