versionstart,versionend,ms
0,0,1326.4615384615386
0,1,1267.076923076923
0,2,1302.1538461538462
0,3,1230.5
0,4,1210.3333333333333
0,5,1282.32
0,6,1272.3600000000001
0,7,1337.1666666666667
0,8,1356.08
0,9,1347.1399999999999
