patch,offset,limit,count-ms,lookup-mus,results
0,0,-0.002,0.00752,0.0104,0.00094
1,0,-0.002,0.13134,0.1433,0.00094
2,0,-0.002,0.09451999999999999,0.12122,0.00094
3,0,-0.002,0.09476000000000001,0.12314,0.00094
4,0,-0.002,0.09508,0.1222,0.00094
5,0,-0.002,0.09584000000000001,0.12246,0.00094
6,0,-0.002,0.09522,0.12314,0.00094
7,0,-0.002,0.09548000000000001,0.12415999999999999,0.00094
8,0,-0.002,0.09537999999999999,0.12262,0.00094
9,0,-0.002,0.09558,0.12323999999999999,0.00094
