versionstart,versionend,ms
0,0,0.7000000000000001
0,1,0.5
0,2,0.64
0,3,0.54
0,4,0.5200000000000002
0,5,0.4600000000000001
0,6,0.4600000000000001
0,7,0.47999999999999987
0,8,0.4799999999999997
0,9,0.3599999999999999
