version,ms
0,8.520000000000001
1,8.660000000000002
2,9.020000000000001
3,8.559999999999999
4,9.400000000000002
5,8.9
6,9.34
7,8.339999999999998
8,8.36
9,9.239999999999998
