patch_start,patch_end,offset,limit,count-ms,lookup-mus,results
0,1,0,-0.002,0.7675,42.150333333333336,0.4928333333333333
0,2,0,-0.002,1.6848333333333332,34.395,0.5038333333333334
0,3,0,-0.002,5.489333333333333,33.657333333333334,0.5095
0,4,0,-0.002,6.174166666666667,33.1325,0.4886666666666667
0,5,0,-0.002,0.3145,40.0385,0.4236666666666667
0,6,0,-0.002,5.886833333333333,49.58316666666666,0.4801666666666667
0,7,0,-0.002,5.486833333333333,48.77583333333334,0.4935
0,8,0,-0.002,1.0121666666666667,48.57233333333333,0.5285
0,9,0,-0.002,0.6671666666666666,51.397333333333336,0.5325
