versionstart,versionend,ms
0,0,0.038186
0,1,0.0321163
0,2,0.0344186
0,3,0.031907
0,4,0.0313721
0,5,0.0286744
0,6,0.0314419
0,7,0.027814
0,8,0.0266744
0,9,0.0326512
