version,ms
0,0.0339302
1,0.024907
2,0.0263721
3,0.0246744
4,0.0223256
5,0.0260698
6,0.0239535
7,0.0236512
8,0.0231163
9,0.0266512
