version,ms
0,0.029814
1,0.0245814
2,0.0240233
3,0.0237209
4,0.0239302
5,0.0229302
6,0.0242093
7,0.0241395
8,0.0233023
9,0.0251395
