versionstart,versionend,ms
0,0,1.7608695652173916
0,1,1.9130434782608696
0,2,2.369565217391304
0,3,2.9130434782608696
0,4,3.4130434782608696
0,5,3.956521739130435
0,6,4.739130434782608
0,7,7.217391304347825
0,8,8.23913043478261
0,9,5.4565217391304355
