version,ms
0,1.6521739130434787
1,1.847826086956522
2,2.217391304347826
3,2.5652173913043477
4,3.2826086956521743
5,3.7391304347826084
6,4.304347826086956
7,5.130434782608695
8,7.869565217391302
9,8.652173913043478
