versionstart,versionend,ms
0,0,0.05468
0,1,0.04978
0,2,0.04736
0,3,0.0492
0,4,0.04606
0,5,0.04964
0,6,0.04798
0,7,0.04626
0,8,0.04874
0,9,0.04892
