versionstart,versionend,ms
0,0,0.04532
0,1,0.03704
0,2,0.0374
0,3,0.03562
0,4,0.03572
0,5,0.03406
0,6,0.0342
0,7,0.03478
0,8,0.035
