version,ms
0,0.03442
1,0.0278
2,0.02836
3,0.02636
4,0.02504
5,0.0241
6,0.02476
7,0.0253
8,0.02718
9,0.02936
