version,ms
0,0.03854
1,0.0344
2,0.03156
3,0.0331
4,0.03238
5,0.03326
6,0.03222
7,0.0317
8,0.03384
9,0.0336
