offset,limit,count-ms,lookup-mus,results
0,-0.002,0.27453846153846156,0.9806923076923078,0.04792307692307692
