versionstart,versionend,ms
0,0,0.47999999999999976
0,1,0.3600000000000001
0,2,0.27999999999999997
0,3,0.42000000000000004
0,4,0.19999999999999996
0,5,0.26
0,6,0.2
0,7,0.38000000000000006
0,8,0.19999999999999998
