version,ms
0,4.199999999999999
1,0.29999999999999993
2,0.3
3,0.26
4,0.21999999999999997
5,0.18000000000000002
6,0.26
7,0.23999999999999988
8,0.22
