versionstart,versionend,ms
0,0,0.54
0,1,0.35999999999999993
0,2,0.46
0,3,0.6200000000000001
0,4,0.7600000000000002
0,5,0.7399999999999998
0,6,1.0400000000000005
0,7,0.9799999999999996
0,8,1.2199999999999998
0,9,1.1399999999999997
