version,ms
0,0.4600000000000001
1,0.4799999999999998
2,0.42000000000000004
3,0.54
4,0.7600000000000002
5,0.9200000000000002
6,2.660000000000001
7,0.9200000000000002
8,1.1800000000000002
9,1.3199999999999998
