versionstart,versionend,ms
0,0,0.8400000000000001
0,1,0.54
0,2,0.4399999999999999
0,3,0.6599999999999999
0,4,0.42000000000000004
0,5,0.46
0,6,0.5799999999999998
0,7,0.6199999999999999
0,8,0.58
0,9,0.3600000000000001
