versionstart,versionend,ms
0,0,0.5037
0,1,0.50762
0,2,0.50336
0,3,0.50638
0,4,0.50666
0,5,0.51504
0,6,0.51346
0,7,0.50936
0,8,0.50536
0,9,0.5093
