version,ms
0,0.17426
1,0.18098
2,0.18348
3,0.18438
4,0.17912
5,0.18526
6,0.18282
7,0.1764
8,0.17584
9,0.17832
