version,ms
0,0.14986
1,0.1493
2,0.15106
3,0.15002
4,0.14926
5,0.15326
6,0.1525
7,0.14772
8,0.14814
9,0.15068
