offset,count-ms,lookup-mus-1,lookup-mus-50,lookup-mus-100,lookup-mus-inf,results1,results50,results100,resultsinf
0,0.1725,0.32599999999999996,0.8109999999999999,0.4635,0.43699999999999994,0.0005,0.0035,0.0035,0.0035
