versionstart,versionend,ms
0,0,1.1
0,1,1.2399999999999998
0,2,1.7
0,3,1.8599999999999999
0,4,2.2800000000000002
0,5,2.6
0,6,3.08
0,7,3.2199999999999998
0,8,3.5400000000000005
0,9,3.08
