version,ms
0,1.28
1,1.54
2,1.92
3,2.3
4,2.68
5,4.46
6,3.4599999999999995
7,3.7800000000000002
8,4.34
9,5.459999999999999
