version,ms
0,1.2000000000000002
1,1.4400000000000002
2,1.58
3,2.0
4,2.3800000000000003
5,2.72
6,2.9799999999999995
7,3.32
8,5.559999999999999
9,4.220000000000001
