versionstart,versionend,ms
0,0,1.080000000000001
0,1,0.4600000000000001
0,2,0.39999999999999997
0,3,0.5
0,4,0.31999999999999995
0,5,0.48
0,6,0.5799999999999998
0,7,0.6599999999999999
0,8,0.42000000000000004
