version,ms
0,4.220000000000001
1,0.5599999999999997
2,0.6000000000000002
3,0.5599999999999997
4,0.54
5,0.6000000000000002
6,0.5200000000000004
7,0.6
8,0.6000000000000002
9,0.6000000000000002
