version,ms
0,11.36
1,0.54
2,0.3600000000000001
3,0.5
4,0.5
5,0.4
6,0.48
7,0.5799999999999998
8,0.3
