patch_start,patch_end,offset,limit,count-ms,lookup-mus,results
0,1,0,-0.002,2.7281538461538464,5.177615384615385,0.01576923076923077
0,2,0,-0.002,2.8573846153846154,2.678769230769231,0.01576923076923077
0,3,0,-0.002,2.796384615384615,2.686,0.01576923076923077
0,4,0,-0.002,2.789230769230769,2.6515384615384616,0.01576923076923077
0,5,0,-0.002,1.369,4.334076923076923,0.01576923076923077
0,6,0,-0.002,2.736615384615385,8.178076923076922,0.01576923076923077
0,7,0,-0.002,2.629923076923077,6.27123076923077,0.01576923076923077
0,8,0,-0.002,2.6135384615384614,6.389384615384615,0.01576923076923077
0,9,0,-0.002,2.6293076923076923,6.467615384615384,0.01576923076923077
