offset,limit,count-ms,lookup-mus,results
0,-0.002,2.5423846153846155,4.027,0.03153846153846154
