versionstart,versionend,ms
0,0,0.0006
0,1,0.03474
0,2,0.04248
0,3,0.05678
0,4,0.0732
0,5,0.07828
0,6,0.09322
0,7,0.10708
0,8,0.12496
