version,ms
0,1.45074
1,0.95774
2,1.30132
3,0.95914
4,2.52826
5,1.00674
6,1.0378
7,0.8721
8,0.8438
9,0.2709
