version,ms
0,0.04512
1,0.05464
2,0.06652
3,0.08312
4,0.10314
5,0.11484
6,0.13576
7,0.15248
8,0.17044
9,0.18486
