versionstart,versionend,ms
0,0,0.5200000000000001
0,1,0.5
0,2,0.3999999999999998
0,3,0.58
0,4,0.8400000000000001
0,5,0.8799999999999997
0,6,0.7999999999999998
0,7,0.8999999999999998
0,8,0.9799999999999996
0,9,1.1199999999999997
