version,ms
0,0.5200000000000002
1,0.36
2,0.43999999999999995
3,0.4599999999999998
4,0.7000000000000002
5,0.7999999999999997
6,1.0800000000000003
7,0.9799999999999996
8,1.2000000000000004
9,1.4000000000000004
