version,ms
0,859.2826086956522
1,787.1304347826087
2,740.5217391304348
3,787.4347826086956
4,675.5652173913044
5,674.1304347826087
6,714.7826086956521
7,709.304347826087
8,828.3260869565217
9,783.3260869565217
