version,ms
0,0.03178
1,0.0396
2,0.0475
3,0.05932
4,0.06852
5,0.081
6,0.09976
7,0.10526
8,0.11648
9,0.13378
